__quarterly__,y,ny,cpi,r,e,yw,rw,cpiw,tna,l,le,ln,bk,rwa,car,bg,rbk,new_rl,rd,car_min,,__eof__
,,,,,,,,,,,,,,,,,,,,,,__eof__
1990Q2,NaN,NaN,NaN,NaN,NaN,NaN,NaN,NaN,0.08598387115,0.05372193827,0.0536114030579,0.00209549998,0.00853232372,NaN,NaN,NaN,0,NaN,NaN,NaN,,__eof__
1990Q3,NaN,NaN,NaN,NaN,NaN,NaN,NaN,NaN,0.0924224983,0.05840827065,0.0575097953769,0.0043948608,0.00800180963,NaN,NaN,NaN,0,NaN,NaN,NaN,,__eof__
1990Q4,NaN,NaN,NaN,NaN,NaN,NaN,NaN,NaN,0.09824814946,0.06144324376,0.0605091238905,0.00383379147,0.00896385057,NaN,NaN,NaN,0,NaN,NaN,NaN,,__eof__
1991Q1,NaN,NaN,NaN,NaN,NaN,NaN,NaN,NaN,0.10225890369,0.06167795705,0.0606697596896,0.00526036729,0.00933559121,NaN,NaN,NaN,0,NaN,NaN,NaN,,__eof__
1991Q2,NaN,NaN,NaN,NaN,NaN,NaN,NaN,NaN,0.10740530655,0.06370497793,0.0626261044622,0.00517122962,0.01020572179,NaN,NaN,NaN,0.0510468530026429,NaN,NaN,NaN,,__eof__
1991Q3,NaN,NaN,NaN,NaN,NaN,NaN,NaN,NaN,0.11281543222,0.06815378595,0.066945078439,0.00556223438,0.01068115425,NaN,NaN,NaN,0.0561396302276975,NaN,NaN,NaN,,__eof__
1991Q4,NaN,NaN,NaN,NaN,NaN,NaN,NaN,NaN,0.12245225689,0.07284748038,0.0714284955642,0.00539880618,0.01242072325,NaN,NaN,NaN,0.0569424350953154,NaN,NaN,NaN,,__eof__
1992Q1,NaN,NaN,NaN,NaN,NaN,NaN,NaN,NaN,0.13320477214,0.0754562806,0.0738321456556,0.00602632571,0.01335303206,NaN,NaN,NaN,0.0567854459266535,NaN,NaN,NaN,,__eof__
1992Q2,NaN,NaN,NaN,NaN,NaN,NaN,NaN,NaN,0.14478702827,0.08064396721,0.0788754073579,0.00601089857,0.01539463648,NaN,NaN,NaN,0.0559889490485715,NaN,NaN,NaN,,__eof__
1992Q3,NaN,NaN,NaN,NaN,NaN,NaN,NaN,NaN,0.15093996953,0.08785562379,0.0859946689182,0.00592255881,0.01649352398,NaN,NaN,NaN,0.0520247314061261,NaN,NaN,NaN,,__eof__
1992Q4,NaN,NaN,NaN,NaN,NaN,NaN,NaN,NaN,0.16564171481,0.09907657189,0.0972919887159,0.00553450345,0.01882103429,NaN,NaN,NaN,0.0516466004217667,NaN,NaN,NaN,,__eof__
1993Q1,NaN,NaN,NaN,NaN,NaN,NaN,NaN,NaN,0.17727082405,0.10811761009,0.1062666738305,0.00608785098,0.02074502885,NaN,NaN,NaN,0.0517971265679874,NaN,NaN,NaN,,__eof__
1993Q2,NaN,NaN,NaN,NaN,NaN,NaN,NaN,NaN,0.19608761109,0.12026291175,0.1183991148036,0.00669791797,0.02290366177,NaN,NaN,NaN,0.0540329957902622,NaN,NaN,NaN,,__eof__
1993Q3,NaN,NaN,NaN,NaN,NaN,NaN,NaN,NaN,0.21283157702,0.13345686619,0.1315167877688,0.00715526921,0.0240638279,NaN,NaN,NaN,0.0581914200566569,NaN,NaN,NaN,,__eof__
1993Q4,NaN,NaN,NaN,NaN,NaN,NaN,NaN,NaN,0.23749178315,0.15065889892,0.1486669654053,0.00702498462,0.02922897908,NaN,NaN,NaN,0.051207299043987,NaN,NaN,NaN,,__eof__
1994Q1,NaN,NaN,NaN,NaN,NaN,NaN,NaN,NaN,0.26528844455,0.161987153,0.1596983057492,0.00904985186,0.03380934178,NaN,NaN,NaN,0.0529002656762163,NaN,NaN,NaN,,__eof__
1994Q2,NaN,NaN,NaN,NaN,NaN,NaN,NaN,NaN,0.28742047393,0.1756295168,0.1731584146846,0.00946047318,0.03879696605,NaN,NaN,NaN,0.0486547530563927,NaN,NaN,NaN,,__eof__
1994Q3,NaN,NaN,NaN,NaN,NaN,NaN,NaN,NaN,0.31530115381,0.19592048128,0.1932183134946,0.00963829803,0.04161776257,NaN,NaN,NaN,0.0496565648867846,NaN,NaN,NaN,,__eof__
1994Q4,NaN,NaN,NaN,NaN,NaN,NaN,NaN,NaN,0.34775436183,0.21653478266,0.213127481636,0.01132298398,0.04640268333,NaN,NaN,NaN,0.0428216032975695,NaN,NaN,NaN,,__eof__
1995Q1,NaN,NaN,NaN,NaN,NaN,NaN,NaN,NaN,0.37358201289,0.2360557391,0.2317596624065,0.01337798692,0.04882349471,NaN,NaN,NaN,0.036482514321843,NaN,NaN,NaN,,__eof__
1995Q2,NaN,NaN,NaN,NaN,NaN,NaN,NaN,NaN,0.40158234257,0.25614608134,0.2513220714348,0.01444724917,0.05489068963,NaN,NaN,NaN,0.0359103094857582,NaN,NaN,NaN,,__eof__
1995Q3,NaN,NaN,NaN,NaN,NaN,NaN,NaN,NaN,0.43421709245,0.27926328046,0.273650264924,0.0165650393,0.05830802035,NaN,NaN,NaN,0.0339246662058901,NaN,NaN,NaN,,__eof__
1995Q4,NaN,NaN,NaN,NaN,NaN,NaN,NaN,NaN,0.45905982891,0.30113609209,0.2948199566116,0.01727467807,0.063682899,NaN,NaN,NaN,0.0329303575674217,NaN,NaN,NaN,,__eof__
1996Q1,NaN,NaN,NaN,NaN,NaN,NaN,NaN,NaN,0.48617299895,0.32006457269,0.3128577156931,0.02056830179,0.06616150043,NaN,NaN,NaN,0.0346329197132448,NaN,NaN,NaN,,__eof__
1996Q2,NaN,NaN,NaN,NaN,NaN,NaN,NaN,NaN,0.50733720689,0.33763183201,0.3297676938213,0.02227805865,0.07163749088,NaN,NaN,NaN,0.0282352163323004,NaN,NaN,NaN,,__eof__
1996Q3,NaN,NaN,NaN,NaN,NaN,NaN,NaN,NaN,0.53717292082,0.35545977219,0.3467442275126,0.02541305448,0.07730166765,NaN,NaN,NaN,0.0289197030667164,NaN,NaN,NaN,,__eof__
1996Q4,NaN,NaN,NaN,NaN,NaN,NaN,NaN,NaN,0.57848094664,0.37722623759,0.3681503393118,0.02534861764,0.08403060738,NaN,NaN,NaN,0.0325834243065541,NaN,NaN,NaN,,__eof__
1997Q1,NaN,NaN,NaN,NaN,NaN,NaN,NaN,NaN,0.60030201098,0.39554748466,0.3855141257842,0.03019384652,0.08768261998,NaN,NaN,NaN,0.0342932481737643,NaN,NaN,NaN,,__eof__
1997Q2,NaN,NaN,NaN,NaN,NaN,NaN,NaN,NaN,0.63640133835,0.42136036498,0.4108971340702,0.03045617223,0.09399766516,NaN,NaN,NaN,0.0353158754725392,NaN,NaN,NaN,,__eof__
1997Q3,NaN,NaN,NaN,NaN,NaN,NaN,NaN,NaN,0.67765260699,0.45038444071,0.4389489659605,0.032713382,0.09764798374,NaN,NaN,NaN,0.0336762443682997,NaN,NaN,NaN,,__eof__
1997Q4,NaN,NaN,NaN,NaN,NaN,NaN,NaN,NaN,0.73510326503,0.48415991518,0.4728737209652,0.03191768347,0.10178222605,NaN,NaN,NaN,0.0294002659514441,NaN,NaN,NaN,,__eof__
1998Q1,NaN,NaN,NaN,NaN,NaN,NaN,NaN,NaN,0.77097325815,0.50926261186,0.4966812729945,0.03918115395,0.10479650238,NaN,NaN,NaN,0.0244380979263365,NaN,NaN,NaN,,__eof__
1998Q2,NaN,NaN,NaN,NaN,NaN,NaN,NaN,NaN,0.79334618538,0.52962471607,0.5162197200848,0.04304994051,0.10560204119,NaN,NaN,NaN,0.01698249382579,NaN,NaN,NaN,,__eof__
1998Q3,NaN,NaN,NaN,NaN,NaN,NaN,NaN,NaN,0.81652703653,0.54619112112,0.5308449795318,0.04909676473,0.10369861882,NaN,NaN,NaN,0.00883016864563481,NaN,NaN,NaN,,__eof__
1998Q4,NaN,NaN,NaN,NaN,NaN,NaN,NaN,NaN,0.79612778699,0.5356727513,0.5135717062666,0.05687783704,0.08660349339,NaN,NaN,NaN,-0.0391055336503441,NaN,NaN,NaN,,__eof__
1999Q1,NaN,NaN,NaN,NaN,NaN,NaN,NaN,NaN,0.78721626524,0.53032053275,0.5071175417214,0.0724902305,0.08570775323,NaN,NaN,NaN,-0.0554766428159699,NaN,NaN,NaN,,__eof__
1999Q2,NaN,NaN,NaN,NaN,NaN,NaN,NaN,NaN,0.77877366948,0.52194460435,0.4973345982675,0.06693433774,0.0847662119,NaN,NaN,NaN,-0.0702114758533878,NaN,NaN,NaN,,__eof__
1999Q3,NaN,NaN,NaN,NaN,NaN,NaN,NaN,NaN,0.80796369583,0.52300108468,0.5003579220298,0.06964011802,0.09958265913,NaN,NaN,NaN,-0.0706159637775883,NaN,NaN,NaN,,__eof__
1999Q4,NaN,NaN,NaN,NaN,NaN,NaN,NaN,NaN,0.8013602267,0.51355767357,0.4891690343611,0.0691856255,0.08912061319,NaN,NaN,NaN,-0.0753322279738681,NaN,NaN,NaN,,__eof__
2000Q1,NaN,NaN,0.56555540082456,0.0225833333333333,1.94348666666667,1.2935252,0.0138,1.701,0.77304034628,0.47982712479,0.45627189611,0.0579943784,0.09293356269,0.558539294933,0.124061970635329,0.0692934856066552,-0.0617138626131368,NaN,NaN,0.09,,__eof__
2000Q2,NaN,NaN,0.578446166072679,0.0264,2.05421,1.3170749,0.0142833333333333,1.71433333333333,0.77605701987,0.48307388216,0.4563042841722,0.05045358618,0.09055914208,0.549917386789,0.12519377280467,0.0688462323829999,-0.0738020031052838,NaN,NaN,0.09,,__eof__
2000Q3,NaN,NaN,0.587764772006691,0.0307523333333332,2.18749333333333,1.318389,0.0150416666666667,1.73,0.77588229693,0.4793604354,0.4498778352472,0.05828770155,0.09264229188,0.566047019937,0.133892942383895,0.0757897010270002,-0.0690425582657768,NaN,NaN,0.09,,__eof__
2000Q4,NaN,NaN,0.597115388642587,0.0289921666666668,2.16648333333333,1.326225,0.0150416666666667,1.74233333333333,0.79710559197,0.47375695896,0.4456463203014,0.05135304353,0.08870160334,0.532733599855,0.133609353974244,0.071178192117,-0.0440208784336502,NaN,NaN,0.09,,__eof__
2001Q1,NaN,NaN,0.611334479228226,0.0281653333333333,2.25453333333333,1.3219251,0.0120416666666667,1.759,0.78758727771,0.47257668858,0.4445450816727,0.05285381285,0.08977791492,0.555791215123,0.136014435469748,0.0755956283640001,-0.0353531910696328,NaN,NaN,0.09,,__eof__
2001Q2,NaN,NaN,0.62441331148693,0.0277916666666667,2.32523,1.3301394,0.00915,1.77133333333333,0.80196592971,0.47556749529,0.4481671791661,0.05005904795,0.09051525736,0.566733359894,0.133507593984148,0.0756632073100002,-0.00765880350141226,NaN,NaN,0.09,,__eof__
2001Q3,NaN,NaN,0.634895910333331,0.0258208333333332,2.30713666666667,1.3248142,0.007925,1.77633333333333,0.80910121044,0.47526237436,0.4462956739067,0.04991284054,0.09135479681,0.564964069354,0.132971673577224,0.0751242178130002,0.00107992487471879,NaN,NaN,0.09,,__eof__
2001Q4,NaN,NaN,0.643700598887029,0.022475,2.31267333333333,1.3284881,0.00476666666666667,1.775,0.8400089432,0.47756935053,0.4466559548408,0.04555012739,0.09498645145,0.585874023321,0.12545691812209,0.0735019493736421,0.0182624599458074,NaN,NaN,0.09,,__eof__
2002Q1,NaN,NaN,0.651827073894798,0.019575,2.28133,1.339491,0.0043,1.78066666666667,0.83590314088,0.47419989772,0.4417917788087,0.06507119865,0.09210819575,0.572883544565,0.130408324851921,0.0747087833819525,0.0197751562732136,NaN,NaN,0.09,,__eof__
2002Q2,NaN,NaN,0.661692689739024,0.014875,2.31253333333333,1.3477356,0.00428333333333333,1.79466666666667,0.85110179177,0.47726535808,0.4448241369903,0.06279016091,0.09555180999,0.581764192491,0.127179504321108,0.073988481632775,0.027639531033231,0.0503314824430397,NaN,0.09,,__eof__
2002Q3,NaN,NaN,0.673122121241384,0.0132083333333333,2.63505666666667,1.3531741,0.00410833333333333,1.80433333333333,0.86546868527,0.49413216105,0.4617329723281,0.05963089513,0.0932922219,0.604787874416,0.119218741209367,0.0721020490865642,0.03383916842911,0.0503431726770703,NaN,0.09,,__eof__
2002Q4,NaN,NaN,0.68734213622143,0.0129416666666667,2.78980333333333,1.3549421,0.00333333333333333,1.815,0.88943051496,0.50448631437,0.4716056456932,0.05557365995,0.0972265571,0.610450439976,0.118937812774238,0.0726056401378167,0.0345739293127762,0.0474959731722873,NaN,0.09,,__eof__
2003Q1,NaN,NaN,0.699967129628837,0.0149083333333333,2.94129,1.3619434,0.00289166666666667,1.83366666666667,0.90319486733,0.51422031416,0.4815294163742,0.05711984798,0.0972040792,0.619749523966,0.122437307660186,0.0758804631380789,0.0403007397913811,0.0486981501160193,NaN,0.09,,__eof__
2003Q2,NaN,NaN,0.712492512359182,0.017475,2.87083666666667,1.3741107,0.0026,1.83066666666667,0.9217844838,0.51612748315,0.4844126326291,0.05463000379,0.10359539615,0.628794353374,0.128395965744167,0.0807346582559337,0.0422047070380357,0.0462914122610883,NaN,0.09,,__eof__
2003Q3,NaN,NaN,0.720962256287516,0.0184833333333333,2.85539666666667,1.3970157,0.002325,1.84433333333333,0.92804998433,0.52785392523,0.4958315979045,0.0531457567,0.10647163231,0.637739166062,0.128929002170065,0.082223074325143,0.0508851167203449,0.0478793929071153,NaN,0.09,,__eof__
2003Q4,NaN,NaN,0.731070061875183,0.0185916666666667,2.84265,1.4131379,0.00229166666666667,1.85133333333333,0.97303072273,0.53623363921,0.5061768369281,0.04689508829,0.1111418784,0.663094301396,0.126714772164662,0.0840238433250799,0.0526031266446546,0.0474563745768187,NaN,0.09,,__eof__
2004Q1,NaN,NaN,0.743497441939627,0.0182416666666667,2.71262666666667,1.421234,0.00229166666666667,1.867,0.99976358801,0.56737441118,0.5359573377656,0.04906244037,0.11634339226,0.668182401559,0.135926573485329,0.090823744307113,0.0612944699864298,0.0466520567637762,NaN,0.09,,__eof__
2004Q2,NaN,NaN,0.753254630169052,0.017325,2.69186333333333,1.4323017,0.00269166666666667,1.88166666666667,1.02679542444,0.59092660779,0.562778037664,0.04259376591,0.11859726901,0.672106546762,0.137888718438311,0.0926759103870109,0.0607856237135793,0.0455978096691797,NaN,0.09,,__eof__
2004Q3,NaN,NaN,0.764041237135577,0.0172166666666667,2.60156333333333,1.4457832,0.00371666666666667,1.89366666666667,1.07020319839,0.61453691444,0.5876525864019,0.03715981002,0.1259334727,0.704726463431,0.137700043594659,0.0970408647367586,0.0647621483402482,0.045727147603528,NaN,0.09,,__eof__
2004Q4,NaN,NaN,0.772810025012006,0.0173083333333333,2.50742,1.4605595,0.00501666666666667,1.914,1.14882787681,0.63417789336,0.6105484102131,0.02895123722,0.13754315084,0.750079980187,0.13456628412,0.100935475726568,0.067172868722105,0.045003981565437,NaN,0.09,,__eof__
2005Q1,1.262494541,0.813242762,0.782454540587176,0.0160083333333333,2.35238666666667,1.4767846,0.00634166666666667,1.92366666666667,1.15271077587,0.65416705946,0.6310982246201,0.03181876294,0.13590004617,0.763658857,0.138742403073346,0.105951864948425,0.0666636020209087,0.0461661422945428,0.0189504796367256,0.09,,__eof__
2005Q2,1.285301287,0.842130743,0.791192456688013,0.0159333333333333,2.34034,1.4839707,0.00715833333333333,1.93666666666667,1.21838313604,0.68609556637,0.6630225742378,0.0301165905,0.14976482257,0.799902864189,0.138063968681519,0.110437763989647,0.071614222158124,0.0434804293653555,0.0183091886997645,0.09,,__eof__
2005Q3,1.289487183,0.850241505,0.801289028378756,0.015625,2.30803,1.4956291,0.0084,1.966,1.25141288557,0.7030950321,0.6790407314334,0.03044994441,0.15669052346,0.825787258431,0.136864487834483,0.113020950185401,0.0743823248696676,0.0438870721358963,0.017509302266757,0.09,,__eof__
2005Q4,1.31124699,0.87396499,0.811940703020899,0.0142826666666667,2.28377,1.5041232,0.00956666666666667,1.98433333333333,1.34865454789,0.74335984654,0.7185107246385,0.02656604951,0.16673180335,0.888848043438,0.135284934776516,0.120247749582744,0.0683760383948369,0.0407455678941938,0.0163253375899149,0.09,,__eof__
2006Q1,1.338540774,0.900497695,0.815970024592531,0.0148121666666667,2.26408666666667,1.5244088,0.0109833333333333,1.99466666666667,1.38378933393,0.77710687028,0.7508552209859,0.03100561555,0.16937008233,0.924674478983,0.142231496588007,0.131517835002488,0.0724013348390984,0.041059539775522,0.0153754125001661,0.09,,__eof__
2006Q2,1.359333706,0.935215335,0.823458898349902,0.0154166666666667,2.43150666666667,1.5281525,0.0117583333333333,2.01266666666667,1.4408622966469,0.8612330691011,0.83494954234988,0.0315027425209,0.1598665241705,1.027873933974,0.126505244733019,0.130031443572072,0.0650708904381409,0.0366656801739293,0.0157142050106688,0.09,,__eof__
2006Q3,1.388139812,0.976999881,0.837326368945554,0.0166,2.43342333333333,1.5304517,0.0122666666666667,2.03166666666667,1.4673030480077,0.9267763737002,0.898636264181314,0.0323247572527,0.1715934784202,1.091790877883,0.128163969088065,0.139928252323628,0.0574356362019805,0.037987807795524,0.0172775941542084,0.09,,__eof__
2006Q4,1.408335708,1.003327088,0.846988100431851,0.018075,2.30536175438596,1.5433643,0.0122583333333333,2.02333333333333,1.5590657466634,0.9890123177263,0.959483101313664,0.0317216709427,0.1877710104024,1.164866065257,0.127044789640296,0.147990164219695,0.0593019120038121,0.0380991128739638,0.0174605933536262,0.09,,__eof__
2007Q1,1.43081211,1.036174623,0.858818684506707,0.019402925,2.22202666666667,1.5478956,0.0124583333333333,2.04317,1.6223105334996,1.050413909293,1.01852590235539,0.0363490360513,0.1869872671685,1.248122158082,0.130829774509774,0.163291540502521,0.0588395252949793,0.0381870901532135,0.0194980800053027,0.09,,__eof__
2007Q2,1.451919284,1.04621856,0.874566786776168,0.0211515733333334,2.02542333333333,1.5577779,0.0118416666666667,2.06631,1.6846027388444,1.1197093818559,1.08519566471399,0.0404056316925,0.1964141675483,1.316279124424,0.135935237259156,0.178928715077851,0.0636264928956912,0.0445264825705348,0.0205832894121512,0.09,,__eof__
2007Q3,1.482416354,1.083372521,0.88180060050914,0.0229347441666667,2.04206666666667,1.5671605,0.0107583333333333,2.07939,1.7536236614584,1.1941841435479,1.1494610275677,0.0447019943476,0.2053649088666,1.374186095265,0.133805309153671,0.183873395311609,0.0613803479308782,0.050115209300858,0.0226194250901485,0.09,,__eof__
2007Q4,1.499422252,1.119294296,0.892866783354184,0.0231537991666667,2.02172716666667,1.5767146,0.008475,2.10489666666667,1.8544501588022,1.2560508723965,1.20670629420531,0.0472250515138,0.2247657874998,1.444211964893,0.134563118121041,0.194337665223717,0.0547146853342213,0.051023733242357,0.0228386328359886,0.09,,__eof__
2008Q1,1.502433235,1.153373222,0.910996281425035,0.0237916666666667,1.91025333333333,1.5702906,0.00510833333333333,2.12769666666667,1.880356142958,1.2923550015903,1.23977222614576,0.0589934207572,0.2190051949419,1.469981013033,0.13553225848101,0.199229846620565,0.0617352703670423,0.0508821480819635,0.0244625313713939,0.09,,__eof__
2008Q2,1.51601306,1.170557749,0.931062787917755,0.0241650708333333,1.76214,1.5792773,0.00406666666666667,2.15537666666667,1.9694931067939,1.3523806897558,1.29614563520795,0.0609471264398,0.2347789913487,1.519849359338,0.138811309333614,0.210972279559562,0.0615290221673618,0.0511855179878178,0.025083416759385,0.09,,__eof__
2008Q3,1.533312878,1.222727941,0.949424077118819,0.0248724691666667,1.89780666666667,1.5709562,0.00373333333333333,2.18861,2.0498083799609,1.4222171653845,1.35611512771202,0.0667034888459,0.2458278572052,1.625492943317,0.135045141660738,0.219514924798774,0.0659379933438322,0.0516797460426408,0.0260963038855735,0.09,,__eof__
2008Q4,1.505370827,1.218881088,0.962141872157103,0.0244160316666667,2.29035,1.5366607,0.000741666666666667,2.13848666666667,2.159892829288,1.477946352954,1.4070598565718,0.067855596048,0.2644744173513,1.685443951448,0.135976537479929,0.229180832634389,0.0615013060438832,0.0514292447293897,0.0262890243789297,0.09,,__eof__
2009Q1,1.512941194,1.214229312,0.970744841186296,0.0214343875,2.41464333333333,1.5187475,0.000533333333333333,2.12377666666667,2.2263924427289,1.4789875968819,1.40319475142154,0.0764286502724,0.2721308433408,1.703246453777,0.145829914919637,0.248384285441473,0.0628217927265243,0.0481912066775727,0.0213158643648337,0.09,,__eof__
2009Q2,1.524298656,1.240534654,0.975839676760402,0.0149426716666667,2.23311666666667,1.5161772,0.000433333333333333,2.13507,2.27575694132883,1.50507224913604,1.42674616060815,0.0788691169844533,0.292065200248699,1.72375287323,0.146425907695973,0.252402079106244,0.0578691504898298,0.0405196466331907,0.0144733194335776,0.09,,__eof__
2009Q3,1.538703682,1.270796099,0.980047703361679,0.0108515383333333,2.01747333333333,1.5216647,0.000391666666666667,2.15344,2.2704510289365,1.4871442515775,1.40686276606566,0.0758713642359,0.3105883909227,1.729898254818,0.149467182128679,0.258563017516966,0.0570704559147111,0.0384017003386833,0.0134871212719811,0.09,,__eof__
2009Q4,1.550216468,1.290179935,0.984480061137771,0.0092499975,1.96516,1.5379155,0.000141666666666667,2.1703,2.3507584167237,1.5125425033698,1.42901820328353,0.0693626783967,0.3283879113452,1.785430397069,0.148645507175552,0.265396206898969,0.0549892281222487,0.0345342179056345,0.0108300921065747,0.09,,__eof__
2010Q1,1.567542658,1.316703583,0.989930296412867,0.00836709083333332,1.94672666666667,1.5456059,0.000266666666666667,2.17374,2.3999700590504,1.5309349639859,1.44606732030765,0.0745185112307,0.3265699985907,1.803458773767,0.15162171282392,0.273443508285879,0.0563989189331016,0.0331672938810705,0.0103752907370437,0.09,,__eof__
2010Q2,1.591566598,1.34555164,0.996925824833348,0.00794934583333332,1.95020666666667,1.5605628,0.000366666666666667,2.17297333333333,2.4746892934748,1.5867495320131,1.50210989936332,0.0699607171828,0.3444873821184,1.86986941393,0.149940837006039,0.280369785016656,0.0554610266130131,0.0315151568464265,0.0097451365587477,0.09,,__eof__
2010Q3,1.603802556,1.366463083,1.00253079363673,0.00758612083333333,1.83306,1.5726282,0.000391666666666667,2.17934333333333,2.5731823737557,1.6654978107757,1.57999444222076,0.0652461181424,0.3672203604674,1.951467298218,0.156118146902382,0.304659458338392,0.0510130255255496,0.031392044744286,0.00937310160001122,0.09,,__eof__
2010Q4,1.638598187,1.411881694,1.01047619774298,0.00756793416666668,1.86599666666667,1.5807995,0.000341666666666667,2.19699,2.7053260111721,1.7653233068169,1.67887633234067,0.0568431760361,0.3784151603709,2.115876662759,0.149743171605901,0.316838082208442,0.0508989307430801,0.0297106291150167,0.00906751104946495,0.09,,__eof__
2011Q1,1.672136231,1.481425213,1.02204440290731,0.00785221916666668,1.87787666666667,1.5769911,0.000316666666666667,2.22043666666667,2.8646318474954,1.8423060974196,1.75297116658619,0.0629427402481,0.4044732736147,2.2276817436,0.154314716561913,0.343764076853782,0.049863319922313,0.0390461842900635,0.00964957331152685,0.09,,__eof__
2011Q2,1.694579068,1.527101371,1.02765886475923,0.00959200666666668,1.79898666666667,1.5876839,0.000116666666666667,2.24568333333333,2.9620041065438,1.9474065327204,1.85585255143448,0.0614153991155,0.419217799668,2.324515050013,0.150980853501086,0.350957266227082,0.0492765018611085,0.0421598875785215,0.0115005203446575,0.09,,__eof__
2011Q3,1.731080521,1.565986694,1.03743058427974,0.0112000958333333,1.79431333333333,1.5870684,5.83333333333333e-05,2.26032666666667,3.1068747311179,2.0542641524322,1.95928993821373,0.065039578816,0.4332718006233,2.459287322336,0.149390406717722,0.367393933319512,0.0484699903189837,0.0439369537240802,0.0128661292275801,0.09,,__eof__
2011Q4,1.74848418,1.615716722,1.04936783272188,0.0116817733333333,1.92089,1.6048702,3.33333333333333e-05,2.27047333333333,3.2574320809792,2.1601513605925,2.06095555841681,0.0605484177749,0.4585763632486,2.55906084335,0.14928981207136,0.382041712382897,0.0476414375583099,0.0431617546825955,0.0138401553914697,0.09,,__eof__
2012Q1,1.75899687,1.646209307,1.05788804154043,0.0125523308333333,1.80067333333333,1.6179968,0.000166666666666667,2.28326,3.33679169234013,2.2092277158764,2.10624858208809,0.0699404657969,0.481160685661184,2.624233103848,0.159191802872386,0.41775639895896,0.04715697615622,0.0440340414629165,0.0148750348567767,0.09,,__eof__
2012Q2,1.780861574,1.6615624,1.06239903553876,0.0131829641666667,1.78699,1.6253726,0.000216666666666667,2.28808,3.4556484184907,2.2958807433912,2.18930345763277,0.0742439934143,0.4966339671183,2.704099980226,0.156228394199827,0.422457197666492,0.046841386741996,0.0418664594838577,0.0150495996516967,0.09,,__eof__
2012Q3,1.777416528,1.658794073,1.06937693862698,0.01268269,1.79798333333333,1.6282151,0.000258333333333333,2.29841,3.5985289762545,2.3665475644502,2.25711939782658,0.0780111798745,0.5128281767885,2.791218935272,0.163429961545568,0.456168803256764,0.0452548614295845,0.041293409117462,0.0148006121082622,0.09,,__eof__
2012Q4,1.796875028,1.698504219,1.07803812192073,0.0116371991666667,1.8064,1.6300035,0.000216666666666667,2.31369333333333,3.7279423790687,2.4886252789302,2.37398588849975,0.0785351759582,0.5429585582531,2.925328439617,0.160098228050652,0.46833989964886,0.044447408459994,0.0404571894241305,0.0138496268181325,0.09,,__eof__
2013Q1,1.823290153,1.713641936,1.07815094597103,0.00988161583333332,1.79046,1.6441485,0.000216666666666667,2.32299333333333,3.8500859876562,2.5380333819251,2.41985497672593,0.0917081840168,0.548634412974,2.974649288024,0.173845029402647,0.517127992939095,0.0464924497640815,0.0399837833720013,0.0117601157402588,0.09,,__eof__
2013Q2,1.867841686,1.78544676,1.08427947379066,0.00792048,1.86319333333333,1.6464402,0.000125,2.32045,4.0175969157095,2.6580003746845,2.53600715304052,0.0895515272272,0.5526081060198,3.11183644844,0.168783604845977,0.525226973458805,0.0435433814408485,0.0374542485237572,0.0102832305283502,0.09,,__eof__
2013Q3,1.881297604,1.815308649,1.09356993027999,0.00811791916666667,1.90788333333333,1.6594743,8.33333333333333e-05,2.333,4.1435868758762,2.7461246029135,2.62053846000734,0.0921493170496,0.5955692032773,3.214106806363,0.156507399532249,0.503031498082775,0.0418857895674469,0.039489926478795,0.0109428991460671,0.09,,__eof__
2013Q4,1.906960557,1.826532655,1.09791934751096,0.00813907666666668,1.91404333333333,1.671276,0.000158333333333333,2.34162666666667,4.2777776005881,2.8259009451513,2.69675766768099,0.0881618285613,0.6303345292119,3.30049777975,0.1519626004228,0.501552225300488,0.0391103753323222,0.0356573120709267,0.0109861725923751,0.09,,__eof__
2014Q1,1.933097027,1.877451923,1.10315426649285,0.008040235,2.00770333333333,1.6654247,0.000116666666666667,2.35621,4.4361432685658,2.908752385066,2.77632367708514,0.0992611308002,0.6547695879209,3.398671255187,0.160024113586824,0.543869354984318,0.0370617915072311,0.0374811538487873,0.0108661786204157,0.09,,__eof__
2014Q2,1.940429098,1.887804016,1.11451250107909,0.00878203416666667,1.91427666666667,1.6868109,8.33333333333333e-05,2.36872333333333,4.4782985188913,3.033609922204,2.89636716592431,0.1053099322585,0.6592025580535,3.497284756423,0.154994524699807,0.542059988561663,0.0398086656636127,0.036961391390859,0.0108383527903869,0.09,,__eof__
2014Q3,1.958597528,1.920715501,1.12569386419127,0.0103882266666667,1.90960333333333,1.7064616,6.66666666666667e-05,2.37478333333333,4.580402068708,3.1024469499257,2.96216138933723,0.1075499237477,0.6768189038733,3.582877306236,0.157624918797908,0.564750744458317,0.0396369561422179,0.0384666610196047,0.0116277824587262,0.09,,__eof__
2014Q4,1.983766347,1.94305856,1.13693568310507,0.011326495,2.17283666666667,1.7141235,5.83333333333333e-05,2.36888333333333,4.8086112829095,3.2557225578427,3.10941107889647,0.1058106365534,0.7159074968919,3.805880042762,0.155976141980559,0.593626485910822,0.0402590254805671,0.0363660354089742,0.0114801985666815,0.09,,__eof__
2015Q1,1.991144384,1.956233392,1.14991586262349,0.0112876991666667,2.46821666666667,1.7280647,6.66666666666667e-05,2.35355,5.03519536444722,3.40110500254852,3.25037388715496,0.114897561718712,0.696390338497175,3.9595054578,0.154325322389455,0.611051956277792,0.0445172060925401,0.0389655940423167,0.0118726783749464,0.09,,__eof__
2015Q2,2.008197929,1.973091709,1.16409970349867,0.0112974908333333,2.49646333333333,1.7380875,5e-05,2.3696,5.11814402460987,3.52528701558219,3.36790055937539,0.123789590937485,0.722092207741051,4.0083209339,0.157949741925074,0.633113257062377,0.0460990602739374,0.03836065949125,0.0118865695691679,0.09,,__eof__
2015Q3,2.027362851,2.052895709,1.18061473762031,0.0113653858333333,2.94277,1.743708,0.0001,2.37855,5.36738140332038,3.68152834743056,3.51836360004024,0.125079919577218,0.745720275639513,4.280033562596,0.152977040477806,0.654746867551616,0.046721154716324,0.0375024284529552,0.012858264490149,0.09,,__eof__
2015Q4,2.020214836,2.064699191,1.20935346708338,0.0129789108333333,3.05967666666667,1.7462579,0.000308333333333333,2.37837,5.50376715321629,3.77709465841867,3.6075066624489,0.121584862374191,0.766722724004282,4.370506037422,0.154239858544595,0.674106232980268,0.0449132725976286,0.040530054152064,0.0151248608197063,0.09,,__eof__
2016Q1,2.035309018,2.104650522,1.23807686524211,0.0151725491666667,3.26226333333333,1.7565465,0.000716666666666667,2.37689333333333,5.63783360630152,3.83793968183215,3.66229921355261,0.137359318666036,0.785286057442509,4.476763819153,0.156395006028726,0.700143504485616,0.0437394748281549,0.044758522963503,0.0186410900374879,0.09,,__eof__
2016Q2,2.047868671,2.142765292,1.25976759124181,0.017370645,2.99292333333333,1.7618581,0.000641666666666667,2.39590333333333,5.65889988471772,3.93345167835381,3.75107959671077,0.137522800759172,0.784650874179238,4.460433562341,0.158420037466983,0.70662205206505,0.0520622495333425,0.0459039678017348,0.0196446293482706,0.09,,__eof__
2016Q3,2.059581657,2.170840981,1.27666730631356,0.0191648583333333,2.94965333333333,1.7724489,0.000741666666666667,2.40607333333333,5.71350410656873,4.00347663661675,3.81375394923687,0.147996241881541,0.79546520207491,4.541183287529,0.1605819858527,0.7292322304325,0.0507393422328146,0.0475087129969222,0.0194865294217476,0.09,,__eof__
2016Q4,2.072130654,2.219563205,1.28270851627916,0.0193024908333333,3.01618,1.781256,0.001075,2.42134666666667,5.74636416948565,4.06748337505328,3.86698385430875,0.146091132673226,0.8040046085961,4.577814770733,0.158526497714579,0.725704942790371,0.049675782543166,0.046081710782021,0.0185278786278112,0.09,,__eof__
2017Q1,2.066377663,2.251326087,1.30121346741094,0.0184593675,2.92327333333333,1.7889094,0.001475,2.43838666666667,5.84405409883199,4.11232891765339,3.90385162938057,0.18215642797481,0.785845505764531,4.555948284646,0.165389873568948,0.753507710784267,0.0484888361065435,0.0480657926158957,0.0177006854674353,0.09,,__eof__
2017Q2,2.074366533,2.277758497,1.31438982329134,0.016447245,2.91863666666667,1.7979218,0.002225,2.4412,5.96791101859337,4.21555647592834,3.99180197352743,0.201628651535601,0.80317812679037,4.650764574224,0.167931261725263,0.781008762936592,0.0365133645644631,0.0447940498185627,0.0157744948246885,0.09,,__eof__
2017Q3,2.088126467,2.32042488,1.324673180091,0.013767415,2.97658712962963,1.8127994,0.00259166666666667,2.45287,5.97675016486858,4.26036773762133,4.02346163352235,0.213256381137792,0.817610185517747,4.668894018581,0.163105757888945,0.761523497403816,0.0327356960265135,0.0422930261404268,0.0149265029433497,0.09,,__eof__
2017Q4,2.097689338,2.355200536,1.33489224833432,0.0124554141666667,2.98745051517683,1.83103,0.00301666666666667,2.47238333333333,6.08551284833622,4.32023639005283,4.06976212897505,0.208698263936424,0.838990468337684,4.737108376314,0.165794569996682,0.78538684627866,0.0322167425006343,0.0396073256545005,0.0138740186532872,0.09,,__eof__
2018Q1,2.107527307,2.404666785,1.3454136957723,0.0114171625,2.8603059668616,1.8437127,0.0039,2.49321666666667,6.10695292534663,4.3603528503992,4.09647718202156,0.235928658600969,0.816724321336536,4.757077616003,0.164856072334125,0.784233131562837,0.0318148219467054,0.040143244689967,0.0133160559683318,0.09,,__eof__
2018Q2,2.122951564,2.450979308,1.3560587091899,0.010767945,2.83853631818182,1.8565697,0.0046,2.50679,6.16542056425239,4.42903263004155,4.15423834972042,0.24417272916495,0.846772203387272,4.849466348891,0.164362926489044,0.797072481013864,0.032108830694073,0.0405984608935162,0.0122683609292478,0.09,,__eof__
2018Q3,2.150095909,2.500206881,1.3663271535095,0.0106396941666667,2.96095598148148,1.8699748,0.0051,2.51686333333333,6.28528770647882,4.45383607610705,4.17611166907771,0.246434934086257,0.893189231506858,4.872290986553,0.164441198515722,0.801205369346125,0.0348781164802487,0.039942378582304,0.0121741319124817,0.09,,__eof__
2018Q4,2.159505219,2.522057026,1.37830075816689,0.010633385,3.16301761338879,1.8733741,0.00579166666666667,2.52711,6.59310049094313,4.58432428497564,4.29711399110998,0.231311832127836,0.943429566787174,5.056418930082,0.163409495806698,0.826266867952143,0.0364027360178163,0.0365263708802785,0.012250890977838,0.09,,__eof__
2019Q1,2.174905208,2.56563581,1.38761624426104,0.0106388291666667,3.13506877527151,1.8835411,0.00596666666666667,2.53414,6.67443373672694,4.64300499475945,4.35276996864942,0.247973823115236,0.93071967834048,5.144030452574,0.16061730018544,0.826220283364123,0.0403624830950688,0.038272558408173,0.0127534875694165,0.09,,__eof__
2019Q2,2.190859914,2.630365395,1.40131166638833,0.0106519925,3.24057666666667,1.8962175,0.00575,2.5522,6.89677377634309,4.73973259439569,4.44735641596842,0.249787680931957,0.973854943532081,5.262322080813,0.158399771848376,0.83355061699345,0.0412790125301247,0.0373004444107118,0.012408306890155,0.09,,__eof__
2019Q3,2.220411158,2.680476067,1.41796392544048,0.0106582458333333,3.34012666666667,1.9130932,0.00495,2.56085,7.00728597055494,4.85576650450253,4.55342238253074,0.241913981258879,1.01575590974868,5.395579646437,0.157136880650484,0.847844554942351,0.0403424879394838,0.0371832460627815,0.0123598485109139,0.09,,__eof__
2019Q4,2.22606372,2.724202728,1.43116211060405,0.010644285,3.41071666666667,1.9215691,0.00394166666666667,2.57887666666667,7.10346684291771,4.93540401393174,4.63240648368236,0.237008076215568,1.03233419402446,5.504034496635,0.154449148072445,0.850093438966624,0.0375647319169252,0.035299689877153,0.0123908060883327,0.09,,__eof__
2020Q1,2.180381047,2.691246962,1.43952956367068,0.0105772275,3.53187333333333,1.8989877,0.002775,2.58803,7.79674207742852,5.18775265936738,4.87130360163126,0.24546922040234,1.01732359891034,5.927353833559,0.148890064479735,0.882524094472804,0.0360784135487222,0.0340617645181098,0.0118009752104178,0.09,,__eof__
2020Q2,1.831719623,2.189486281,1.4411639242829,0.00804991333333333,3.84763333333333,1.7378712,0.000358333333333333,2.56315333333333,7.94831750303035,5.20679439697757,4.86990313167448,0.210418403611418,1.03754880098728,5.896823305306,0.154181217840928,0.909179398604845,0.0286856500350967,0.0340538199975413,0.0100975911794367,0.09,,__eof__
2020Q3,2.032750163,2.453313444,1.44534000530624,0.00556581666666668,3.73285333333333,1.874372,0.000283333333333333,2.59239333333333,7.7701736222534,5.13835827617762,4.77749472801588,0.256629056659442,1.05664461102515,5.648879905967,0.172194806290495,0.972707781166257,0.0217189110512912,0.0316810905319327,0.00714220330198377,0.09,,__eof__
2020Q4,2.146289168,2.653143313,1.45455984747819,0.00438398083333333,3.66074333333333,1.8924262,0.000233333333333333,2.61044666666667,7.68723769412219,5.09733275577173,4.70356900281514,0.282006696178569,1.04573446325187,5.324117583909,0.1772511251512,0.943705832185159,0.0173688978995773,0.029620765598915,0.00579444690350047,0.09,,__eof__
2021Q1,2.216887671,2.775203099,1.46179808813219,0.00433752083333333,3.55465333333333,1.9216224,0.000125,2.63734,7.70976663457375,5.18061572262958,4.79150913681195,0.276546158757895,1.05830312427048,4.668245814924,0.211104217008043,0.985486377560605,0.0169196020539458,0.0325485081325,0.00522997434762028,0.09375,,__eof__
2021Q2,2.16397366,2.772672284,1.48366180642637,0.00437713416666667,3.69560333333333,1.9544248,6.66666666666667e-05,2.68557666666667,7.95096811276292,5.30016901859396,4.91190230953998,0.270419534205176,1.09019890734199,4.741109280947,0.218293012111541,1.0349510256879,0.0224899361996036,0.031718850422182,0.0063038453121902,0.09375,,__eof__
2021Q3,2.312466254,3.021352262,1.50754426613552,0.004420365,3.84673333333333,1.9672594,0.000116666666666667,2.72887333333333,8.17243403197239,5.44760530541477,5.06440620210573,0.258568770089429,1.14126057819698,4.883044208171,0.217440717404831,1.06177263574421,0.0318728158331215,0.0324413691376665,0.00635949358071727,0.09375,,__eof__
2021Q4,2.372381504,3.203019781,1.52988070552867,0.00608704083333332,3.87998666666667,2.0006181,0.000133333333333333,2.78706666666667,8.61021564150115,5.63581107853609,5.26631353221746,0.244308764142432,1.20739108101312,5.102381269541,0.219707698330485,1.12103244473543,0.0398372599332842,0.0327865480589693,0.00995226779022807,0.09375,,__eof__
2022Q1,2.406897853,3.391947445,1.57615929273657,0.00937138333333332,3.91486666666667,1.9924088,0.000766666666666667,2.84893666666667,8.68992466304317,5.82760433735295,5.45966112780996,0.24731326738851,1.07455531452134,5.1203273878,0.179432846249199,0.91875491692068,0.0535591284916584,0.0391270283023638,0.0158074172681451,0.0975,,__eof__
2022Q2,2.437681657,3.603021298,1.62177745021141,0.0143523366666667,3.91549666666667,1.9895271,0.00269166666666667,2.91535666666667,9.14743378902775,6.1459402601654,5.77358914447312,0.254375983361295,1.13335458169902,5.604453748062,0.176904559751175,0.991453422946731,0.0561415699865134,0.044767001079421,0.0238191977410848,0.0975,,__eof__
2022Q3,2.475806838,3.699784768,1.67069908742598,0.0213177216666667,4.38603,2.0054663,0.00665833333333333,2.95495666666667,9.43394770252298,6.39935224882567,6.02260489667988,0.258995791380579,1.19564841406988,5.847974862114,0.180802207182709,1.05732676261921,0.0513577108797295,0.0530504362423843,0.0324389403766873,0.0975,,__eof__
2022Q4,NaN,NaN,1.72351149249596,0.0270344858333333,4.80838333333333,2.0187495,0.0101,2.98525,NaN,NaN,NaN,NaN,NaN,NaN,NaN,NaN,NaN,NaN,NaN,NaN,,__eof__
